{
    "kernel": [
        [
            -0.12281261384487152,
            -0.11788944900035858,
            0.47791603207588196
        ],
        [
            0.012481853365898132,
            0.2090200036764145,
            -0.13982053101062775
        ],
        [
            0.3430140018463135,
            0.08351510763168335,
            0.2545756995677948
        ]
    ],
    "w1": 2.2954397201538086,
    "w3": 0.3553156554698944,
    "A": 0.7551300525665283
}